{
    "team": [
        {
            "name": "Silva N.H.D.U.",
            "email": "e19375@eng.pdn.ac.lk",
            "eNumber": "E/19/375"
        },
        {
            "name": "Illangarathne Y.M.H.V.",
            "email": "e19142@eng.pdn.ac.lk",
            "eNumber": "E/19/142"
        },
        {
            "name": "Senevirathna T.N.",
            "email": "e19363@eng.pdn.ac.lk",
            "eNumber": "E/19/363"
        },
        {
            "name": "Witharana S.P.M.",
            "email": "e19505@eng.pdn.ac.lk",
            "eNumber": "E/19/505"
        }
    ],
    "supervisors": [
        {
            "name": "Dr. Damayanthi Herath",
            "email": "damayanthiherath@eng.pdn.ac.lk"
        }
    ],
    "tags": ["Voice","Attendance"]
}
